{"cameraMode":{"drawMode":0,"name":"Shaded","section":"Shading Mode"},"sceneLighting":true,"audioPlay":false,"sceneViewState":{"m_AlwaysRefresh":false,"showFog":true,"showSkybox":false,"showFlares":true,"showImageEffects":true,"showParticleSystems":true,"showVisualEffectGraphs":true,"m_FxEnabled":true},"in2DMode":false,"pivot":{"x":0.13191652297973634,"y":3.2569518089294435,"z":-3.2003841400146486},"rotation":{"x":0.18438652157783509,"y":-0.5503858327865601,"z":0.12615011632442475,"w":0.8044853806495667},"size":7.518352031707764,"orthographic":false}