{"cameraMode":{"drawMode":0,"name":"Shaded","section":"Shading Mode"},"sceneLighting":false,"audioPlay":false,"sceneViewState":{"m_AlwaysRefresh":false,"showFog":true,"showSkybox":false,"showFlares":true,"showImageEffects":true,"showParticleSystems":true,"showVisualEffectGraphs":true,"m_FxEnabled":true},"in2DMode":false,"pivot":{"x":-3.206029176712036,"y":8.082286834716797,"z":-2.1743052005767824},"rotation":{"x":0.14669913053512574,"y":0.0326324887573719,"z":-0.004845782648772001,"w":0.9886389970779419},"size":4.6289191246032719,"orthographic":false}